shift_id,staff_id,shift_date,shift_start,shift_end,ward
1,1,2026-09-24,14:00:00,22:00:00,General
2,1,2026-09-22,14:00:00,22:00:00,Emergency
3,1,2026-09-20,14:00:00,22:00:00,Emergency
4,1,2026-09-19,14:00:00,22:00:00,ICU
5,1,2026-09-18,14:00:00,22:00:00,Emergency
6,1,2026-09-16,14:00:00,22:00:00,Surgical
7,1,2026-09-15,14:00:00,22:00:00,Emergency
8,1,2026-09-13,14:00:00,22:00:00,Pediatric
9,1,2026-09-10,14:00:00,22:00:00,Emergency
10,1,2026-09-09,14:00:00,22:00:00,Maternity
11,1,2026-09-08,14:00:00,22:00:00,ICU
12,1,2026-09-06,14:00:00,22:00:00,Surgical
13,1,2026-09-05,14:00:00,22:00:00,ICU
14,1,2026-09-04,14:00:00,22:00:00,Maternity
15,1,2026-09-03,14:00:00,22:00:00,ICU
16,1,2026-09-02,14:00:00,22:00:00,General
17,1,2026-09-01,14:00:00,22:00:00,Maternity
18,1,2026-08-31,14:00:00,22:00:00,ICU
19,1,2026-08-30,14:00:00,22:00:00,Emergency
20,1,2026-08-29,14:00:00,22:00:00,Emergency
21,1,2026-08-28,14:00:00,22:00:00,ICU
22,1,2026-08-27,14:00:00,22:00:00,Pediatric
23,1,2026-08-26,14:00:00,22:00:00,Emergency
24,2,2026-09-24,14:00:00,22:00:00,Pediatric
25,2,2026-09-23,14:00:00,22:00:00,ICU
26,2,2026-09-22,14:00:00,22:00:00,Pediatric
27,2,2026-09-20,14:00:00,22:00:00,Maternity
28,2,2026-09-18,14:00:00,22:00:00,Surgical
29,2,2026-09-17,14:00:00,22:00:00,Maternity
30,2,2026-09-16,14:00:00,22:00:00,General
31,2,2026-09-15,14:00:00,22:00:00,ICU
32,2,2026-09-12,14:00:00,22:00:00,Maternity
33,2,2026-09-11,14:00:00,22:00:00,Emergency
34,2,2026-09-09,14:00:00,22:00:00,Surgical
35,2,2026-09-08,14:00:00,22:00:00,ICU
36,2,2026-09-07,14:00:00,22:00:00,ICU
37,2,2026-09-06,14:00:00,22:00:00,Emergency
38,2,2026-09-05,14:00:00,22:00:00,General
39,2,2026-09-04,14:00:00,22:00:00,Pediatric
40,2,2026-09-03,14:00:00,22:00:00,Maternity
41,2,2026-09-02,14:00:00,22:00:00,Surgical
42,2,2026-09-01,14:00:00,22:00:00,Emergency
43,2,2026-08-31,14:00:00,22:00:00,ICU
44,2,2026-08-30,14:00:00,22:00:00,Maternity
45,2,2026-08-29,14:00:00,22:00:00,General
46,2,2026-08-27,14:00:00,22:00:00,Maternity
47,3,2026-09-24,14:00:00,22:00:00,Surgical
48,3,2026-09-23,14:00:00,22:00:00,Emergency
49,3,2026-09-22,14:00:00,22:00:00,Maternity
50,3,2026-09-20,14:00:00,22:00:00,ICU
51,3,2026-09-19,14:00:00,22:00:00,General
52,3,2026-09-18,14:00:00,22:00:00,Emergency
53,3,2026-09-16,14:00:00,22:00:00,Emergency
54,3,2026-09-14,14:00:00,22:00:00,ICU
55,3,2026-09-11,14:00:00,22:00:00,Surgical
56,3,2026-09-09,14:00:00,22:00:00,Surgical
57,3,2026-09-08,14:00:00,22:00:00,Maternity
58,3,2026-09-07,14:00:00,22:00:00,ICU
59,3,2026-09-06,14:00:00,22:00:00,General
60,3,2026-09-05,14:00:00,22:00:00,Pediatric
61,3,2026-09-04,14:00:00,22:00:00,Maternity
62,3,2026-09-03,14:00:00,22:00:00,Surgical
63,3,2026-08-31,14:00:00,22:00:00,Emergency
64,3,2026-08-30,14:00:00,22:00:00,Surgical
65,3,2026-08-27,14:00:00,22:00:00,General
66,3,2026-08-26,14:00:00,22:00:00,Maternity
67,4,2026-09-24,22:00:00,06:00:00,General
68,4,2026-09-23,22:00:00,06:00:00,Surgical
69,4,2026-09-22,22:00:00,06:00:00,Emergency
70,4,2026-09-21,22:00:00,06:00:00,Surgical
71,4,2026-09-20,22:00:00,06:00:00,Emergency
72,4,2026-09-19,22:00:00,06:00:00,Surgical
73,4,2026-09-18,22:00:00,06:00:00,Surgical
74,4,2026-09-13,22:00:00,06:00:00,General
75,4,2026-09-12,22:00:00,06:00:00,ICU
76,4,2026-09-11,22:00:00,06:00:00,Surgical
77,4,2026-09-10,22:00:00,06:00:00,Surgical
78,4,2026-09-09,22:00:00,06:00:00,Pediatric
79,4,2026-09-07,22:00:00,06:00:00,General
80,4,2026-09-06,22:00:00,06:00:00,General
81,4,2026-09-03,22:00:00,06:00:00,ICU
82,4,2026-09-02,22:00:00,06:00:00,Emergency
83,4,2026-08-27,22:00:00,06:00:00,Emergency
84,4,2026-08-26,22:00:00,06:00:00,ICU
85,5,2026-09-24,06:00:00,14:00:00,Pediatric
86,5,2026-09-23,06:00:00,14:00:00,General
87,5,2026-09-22,06:00:00,14:00:00,Maternity
88,5,2026-09-19,06:00:00,14:00:00,General
89,5,2026-09-18,06:00:00,14:00:00,Surgical
90,5,2026-09-17,06:00:00,14:00:00,Surgical
91,5,2026-09-15,06:00:00,14:00:00,Surgical
92,5,2026-09-13,06:00:00,14:00:00,Emergency
93,5,2026-09-12,06:00:00,14:00:00,General
94,5,2026-09-11,06:00:00,14:00:00,ICU
95,5,2026-09-08,06:00:00,14:00:00,Surgical
96,5,2026-09-07,06:00:00,14:00:00,Surgical
97,5,2026-09-06,06:00:00,14:00:00,Surgical
98,5,2026-09-05,06:00:00,14:00:00,Surgical
99,5,2026-09-04,06:00:00,14:00:00,Maternity
100,5,2026-09-03,06:00:00,14:00:00,Emergency
101,5,2026-09-02,06:00:00,14:00:00,Pediatric
102,5,2026-08-31,06:00:00,14:00:00,ICU
103,5,2026-08-29,06:00:00,14:00:00,Emergency
104,5,2026-08-27,06:00:00,14:00:00,Pediatric
105,5,2026-08-26,06:00:00,14:00:00,Emergency
106,6,2026-09-24,14:00:00,22:00:00,Pediatric
107,6,2026-09-22,14:00:00,22:00:00,ICU
108,6,2026-09-21,14:00:00,22:00:00,Emergency
109,6,2026-09-20,14:00:00,22:00:00,General
110,6,2026-09-18,14:00:00,22:00:00,Maternity
111,6,2026-09-17,14:00:00,22:00:00,Maternity
112,6,2026-09-16,14:00:00,22:00:00,Maternity
113,6,2026-09-14,14:00:00,22:00:00,Emergency
114,6,2026-09-13,14:00:00,22:00:00,Maternity
115,6,2026-09-12,14:00:00,22:00:00,ICU
116,6,2026-09-11,14:00:00,22:00:00,Pediatric
117,6,2026-09-10,14:00:00,22:00:00,ICU
118,6,2026-09-09,14:00:00,22:00:00,General
119,6,2026-09-07,14:00:00,22:00:00,ICU
120,6,2026-09-06,14:00:00,22:00:00,ICU
121,6,2026-09-05,14:00:00,22:00:00,Surgical
122,6,2026-09-03,14:00:00,22:00:00,Maternity
123,6,2026-09-01,14:00:00,22:00:00,Maternity
124,6,2026-08-31,14:00:00,22:00:00,ICU
125,6,2026-08-30,14:00:00,22:00:00,General
126,6,2026-08-29,14:00:00,22:00:00,Surgical
127,6,2026-08-28,14:00:00,22:00:00,Emergency
128,6,2026-08-27,14:00:00,22:00:00,Emergency
129,6,2026-08-26,14:00:00,22:00:00,General
130,7,2026-09-24,14:00:00,22:00:00,Maternity
131,7,2026-09-23,14:00:00,22:00:00,Maternity
132,7,2026-09-22,14:00:00,22:00:00,Pediatric
133,7,2026-09-21,14:00:00,22:00:00,ICU
134,7,2026-09-20,14:00:00,22:00:00,Emergency
135,7,2026-09-19,14:00:00,22:00:00,Maternity
136,7,2026-09-18,14:00:00,22:00:00,ICU
137,7,2026-09-17,14:00:00,22:00:00,Emergency
138,7,2026-09-16,14:00:00,22:00:00,ICU
139,7,2026-09-15,14:00:00,22:00:00,ICU
140,7,2026-09-14,14:00:00,22:00:00,Maternity
141,7,2026-09-13,14:00:00,22:00:00,Emergency
142,7,2026-09-12,14:00:00,22:00:00,Emergency
143,7,2026-09-11,14:00:00,22:00:00,General
144,7,2026-09-10,14:00:00,22:00:00,Maternity
145,7,2026-09-09,14:00:00,22:00:00,Maternity
146,7,2026-09-08,14:00:00,22:00:00,Maternity
147,7,2026-09-07,14:00:00,22:00:00,General
148,7,2026-09-05,14:00:00,22:00:00,General
149,7,2026-09-03,14:00:00,22:00:00,ICU
150,7,2026-09-02,14:00:00,22:00:00,Surgical
151,7,2026-09-01,14:00:00,22:00:00,Surgical
152,7,2026-08-31,14:00:00,22:00:00,ICU
153,7,2026-08-28,14:00:00,22:00:00,Surgical
154,7,2026-08-27,14:00:00,22:00:00,Maternity
155,7,2026-08-26,14:00:00,22:00:00,General
156,8,2026-09-24,22:00:00,06:00:00,ICU
157,8,2026-09-23,22:00:00,06:00:00,Emergency
158,8,2026-09-22,22:00:00,06:00:00,Surgical
159,8,2026-09-19,22:00:00,06:00:00,Surgical
160,8,2026-09-18,22:00:00,06:00:00,Maternity
161,8,2026-09-17,22:00:00,06:00:00,General
162,8,2026-09-14,22:00:00,06:00:00,Maternity
163,8,2026-09-13,22:00:00,06:00:00,Emergency
164,8,2026-09-12,22:00:00,06:00:00,Emergency
165,8,2026-09-11,22:00:00,06:00:00,Surgical
166,8,2026-09-10,22:00:00,06:00:00,Emergency
167,8,2026-09-08,22:00:00,06:00:00,Maternity
168,8,2026-09-07,22:00:00,06:00:00,Surgical
169,8,2026-09-06,22:00:00,06:00:00,Pediatric
170,8,2026-09-05,22:00:00,06:00:00,ICU
171,8,2026-09-03,22:00:00,06:00:00,Surgical
172,8,2026-09-01,22:00:00,06:00:00,General
173,8,2026-08-31,22:00:00,06:00:00,Surgical
174,8,2026-08-30,22:00:00,06:00:00,ICU
175,8,2026-08-28,22:00:00,06:00:00,ICU
176,9,2026-09-22,14:00:00,22:00:00,Emergency
177,9,2026-09-21,14:00:00,22:00:00,Surgical
178,9,2026-09-20,14:00:00,22:00:00,General
179,9,2026-09-19,14:00:00,22:00:00,General
180,9,2026-09-18,14:00:00,22:00:00,Emergency
181,9,2026-09-17,14:00:00,22:00:00,ICU
182,9,2026-09-16,14:00:00,22:00:00,Pediatric
183,9,2026-09-15,14:00:00,22:00:00,ICU
184,9,2026-09-14,14:00:00,22:00:00,Pediatric
185,9,2026-09-12,14:00:00,22:00:00,Pediatric
186,9,2026-09-11,14:00:00,22:00:00,Maternity
187,9,2026-09-09,14:00:00,22:00:00,General
188,9,2026-09-08,14:00:00,22:00:00,Emergency
189,9,2026-09-07,14:00:00,22:00:00,Pediatric
190,9,2026-09-06,14:00:00,22:00:00,Maternity
191,9,2026-09-05,14:00:00,22:00:00,ICU
192,9,2026-09-04,14:00:00,22:00:00,General
193,9,2026-09-02,14:00:00,22:00:00,Maternity
194,9,2026-08-29,14:00:00,22:00:00,General
195,9,2026-08-28,14:00:00,22:00:00,Emergency
196,9,2026-08-27,14:00:00,22:00:00,General
197,10,2026-09-24,22:00:00,06:00:00,Surgical
198,10,2026-09-23,22:00:00,06:00:00,General
199,10,2026-09-21,22:00:00,06:00:00,ICU
200,10,2026-09-20,22:00:00,06:00:00,Maternity
201,10,2026-09-19,22:00:00,06:00:00,Pediatric
202,10,2026-09-18,22:00:00,06:00:00,Pediatric
203,10,2026-09-17,22:00:00,06:00:00,Maternity
204,10,2026-09-16,22:00:00,06:00:00,Emergency
205,10,2026-09-14,22:00:00,06:00:00,General
206,10,2026-09-13,22:00:00,06:00:00,Surgical
207,10,2026-09-12,22:00:00,06:00:00,Maternity
208,10,2026-09-11,22:00:00,06:00:00,Pediatric
209,10,2026-09-10,22:00:00,06:00:00,Pediatric
210,10,2026-09-09,22:00:00,06:00:00,Emergency
211,10,2026-09-08,22:00:00,06:00:00,ICU
212,10,2026-09-07,22:00:00,06:00:00,General
213,10,2026-09-04,22:00:00,06:00:00,General
214,10,2026-09-03,22:00:00,06:00:00,Emergency
215,10,2026-09-02,22:00:00,06:00:00,Emergency
216,10,2026-09-01,22:00:00,06:00:00,ICU
217,10,2026-08-29,22:00:00,06:00:00,Maternity
218,10,2026-08-27,22:00:00,06:00:00,Surgical
219,11,2026-09-24,06:00:00,14:00:00,Surgical
220,11,2026-09-22,06:00:00,14:00:00,Emergency
221,11,2026-09-21,06:00:00,14:00:00,Maternity
222,11,2026-09-18,06:00:00,14:00:00,General
223,11,2026-09-17,06:00:00,14:00:00,Emergency
224,11,2026-09-16,06:00:00,14:00:00,Surgical
225,11,2026-09-15,06:00:00,14:00:00,ICU
226,11,2026-09-14,06:00:00,14:00:00,Emergency
227,11,2026-09-11,06:00:00,14:00:00,Surgical
228,11,2026-09-10,06:00:00,14:00:00,Pediatric
229,11,2026-09-09,06:00:00,14:00:00,Maternity
230,11,2026-09-08,06:00:00,14:00:00,Pediatric
231,11,2026-09-07,06:00:00,14:00:00,Pediatric
232,11,2026-09-06,06:00:00,14:00:00,Emergency
233,11,2026-09-04,06:00:00,14:00:00,General
234,11,2026-09-03,06:00:00,14:00:00,General
235,11,2026-08-30,06:00:00,14:00:00,Emergency
236,11,2026-08-29,06:00:00,14:00:00,General
237,11,2026-08-28,06:00:00,14:00:00,Emergency
238,11,2026-08-27,06:00:00,14:00:00,Pediatric
239,11,2026-08-26,06:00:00,14:00:00,Maternity
240,12,2026-09-24,22:00:00,06:00:00,Emergency
241,12,2026-09-23,22:00:00,06:00:00,Emergency
242,12,2026-09-20,22:00:00,06:00:00,Emergency
243,12,2026-09-19,22:00:00,06:00:00,Surgical
244,12,2026-09-18,22:00:00,06:00:00,Maternity
245,12,2026-09-16,22:00:00,06:00:00,Surgical
246,12,2026-09-15,22:00:00,06:00:00,General
247,12,2026-09-12,22:00:00,06:00:00,ICU
248,12,2026-09-11,22:00:00,06:00:00,Emergency
249,12,2026-09-10,22:00:00,06:00:00,Surgical
250,12,2026-09-08,22:00:00,06:00:00,Emergency
251,12,2026-09-06,22:00:00,06:00:00,General
252,12,2026-09-05,22:00:00,06:00:00,Emergency
253,12,2026-09-03,22:00:00,06:00:00,Pediatric
254,12,2026-09-02,22:00:00,06:00:00,Surgical
255,12,2026-09-01,22:00:00,06:00:00,ICU
256,12,2026-08-31,22:00:00,06:00:00,Emergency
257,12,2026-08-30,22:00:00,06:00:00,Surgical
258,12,2026-08-29,22:00:00,06:00:00,General
259,12,2026-08-28,22:00:00,06:00:00,Emergency
260,12,2026-08-27,22:00:00,06:00:00,Pediatric
261,12,2026-08-26,22:00:00,06:00:00,General
262,13,2026-09-24,14:00:00,22:00:00,General
263,13,2026-09-23,14:00:00,22:00:00,Surgical
264,13,2026-09-20,14:00:00,22:00:00,Emergency
265,13,2026-09-19,14:00:00,22:00:00,ICU
266,13,2026-09-18,14:00:00,22:00:00,Emergency
267,13,2026-09-16,14:00:00,22:00:00,ICU
268,13,2026-09-15,14:00:00,22:00:00,Pediatric
269,13,2026-09-14,14:00:00,22:00:00,General
270,13,2026-09-13,14:00:00,22:00:00,General
271,13,2026-09-12,14:00:00,22:00:00,ICU
272,13,2026-09-11,14:00:00,22:00:00,Maternity
273,13,2026-09-10,14:00:00,22:00:00,Maternity
274,13,2026-09-09,14:00:00,22:00:00,Maternity
275,13,2026-09-08,14:00:00,22:00:00,ICU
276,13,2026-09-07,14:00:00,22:00:00,Emergency
277,13,2026-09-06,14:00:00,22:00:00,ICU
278,13,2026-09-03,14:00:00,22:00:00,ICU
279,13,2026-09-02,14:00:00,22:00:00,Emergency
280,13,2026-09-01,14:00:00,22:00:00,General
281,13,2026-08-31,14:00:00,22:00:00,Pediatric
282,13,2026-08-30,14:00:00,22:00:00,ICU
283,13,2026-08-29,14:00:00,22:00:00,Surgical
284,13,2026-08-28,14:00:00,22:00:00,ICU
285,13,2026-08-26,14:00:00,22:00:00,Pediatric
286,14,2026-09-24,06:00:00,14:00:00,Surgical
287,14,2026-09-23,06:00:00,14:00:00,Pediatric
288,14,2026-09-22,06:00:00,14:00:00,Emergency
289,14,2026-09-20,06:00:00,14:00:00,Maternity
290,14,2026-09-19,06:00:00,14:00:00,General
291,14,2026-09-18,06:00:00,14:00:00,Maternity
292,14,2026-09-17,06:00:00,14:00:00,General
293,14,2026-09-16,06:00:00,14:00:00,General
294,14,2026-09-15,06:00:00,14:00:00,ICU
295,14,2026-09-14,06:00:00,14:00:00,General
296,14,2026-09-13,06:00:00,14:00:00,Emergency
297,14,2026-09-12,06:00:00,14:00:00,ICU
298,14,2026-09-11,06:00:00,14:00:00,Emergency
299,14,2026-09-10,06:00:00,14:00:00,Surgical
300,14,2026-09-09,06:00:00,14:00:00,Surgical
301,14,2026-09-07,06:00:00,14:00:00,Emergency
302,14,2026-09-05,06:00:00,14:00:00,ICU
303,14,2026-09-04,06:00:00,14:00:00,Maternity
304,14,2026-09-03,06:00:00,14:00:00,Pediatric
305,14,2026-09-02,06:00:00,14:00:00,General
306,14,2026-09-01,06:00:00,14:00:00,Emergency
307,14,2026-08-31,06:00:00,14:00:00,Pediatric
308,14,2026-08-30,06:00:00,14:00:00,ICU
309,14,2026-08-29,06:00:00,14:00:00,Pediatric
310,14,2026-08-28,06:00:00,14:00:00,Emergency
311,14,2026-08-27,06:00:00,14:00:00,ICU
312,14,2026-08-26,06:00:00,14:00:00,Surgical
313,15,2026-09-24,06:00:00,14:00:00,ICU
314,15,2026-09-22,06:00:00,14:00:00,Surgical
315,15,2026-09-21,06:00:00,14:00:00,Pediatric
316,15,2026-09-18,06:00:00,14:00:00,Maternity
317,15,2026-09-17,06:00:00,14:00:00,ICU
318,15,2026-09-16,06:00:00,14:00:00,General
319,15,2026-09-15,06:00:00,14:00:00,Maternity
320,15,2026-09-14,06:00:00,14:00:00,ICU
321,15,2026-09-13,06:00:00,14:00:00,ICU
322,15,2026-09-10,06:00:00,14:00:00,General
323,15,2026-09-07,06:00:00,14:00:00,Emergency
324,15,2026-09-06,06:00:00,14:00:00,Pediatric
325,15,2026-09-05,06:00:00,14:00:00,Maternity
326,15,2026-09-03,06:00:00,14:00:00,Maternity
327,15,2026-09-02,06:00:00,14:00:00,General
328,15,2026-08-30,06:00:00,14:00:00,Emergency
329,15,2026-08-29,06:00:00,14:00:00,Emergency
330,15,2026-08-28,06:00:00,14:00:00,ICU
331,15,2026-08-27,06:00:00,14:00:00,General
332,15,2026-08-26,06:00:00,14:00:00,General
333,16,2026-09-24,22:00:00,06:00:00,Maternity
334,16,2026-09-22,22:00:00,06:00:00,Emergency
335,16,2026-09-21,22:00:00,06:00:00,Pediatric
336,16,2026-09-20,22:00:00,06:00:00,Maternity
337,16,2026-09-19,22:00:00,06:00:00,Maternity
338,16,2026-09-18,22:00:00,06:00:00,Maternity
339,16,2026-09-17,22:00:00,06:00:00,Maternity
340,16,2026-09-15,22:00:00,06:00:00,General
341,16,2026-09-14,22:00:00,06:00:00,Emergency
342,16,2026-09-13,22:00:00,06:00:00,General
343,16,2026-09-12,22:00:00,06:00:00,Surgical
344,16,2026-09-11,22:00:00,06:00:00,Surgical
345,16,2026-09-10,22:00:00,06:00:00,General
346,16,2026-09-09,22:00:00,06:00:00,Pediatric
347,16,2026-09-08,22:00:00,06:00:00,Emergency
348,16,2026-09-06,22:00:00,06:00:00,General
349,16,2026-09-05,22:00:00,06:00:00,Maternity
350,16,2026-09-04,22:00:00,06:00:00,Maternity
351,16,2026-09-03,22:00:00,06:00:00,ICU
352,16,2026-09-02,22:00:00,06:00:00,Pediatric
353,16,2026-09-01,22:00:00,06:00:00,Emergency
354,16,2026-08-31,22:00:00,06:00:00,Emergency
355,16,2026-08-30,22:00:00,06:00:00,Surgical
356,16,2026-08-29,22:00:00,06:00:00,Emergency
357,16,2026-08-27,22:00:00,06:00:00,Emergency
358,16,2026-08-26,22:00:00,06:00:00,ICU
359,17,2026-09-24,22:00:00,06:00:00,Emergency
360,17,2026-09-23,22:00:00,06:00:00,Pediatric
361,17,2026-09-22,22:00:00,06:00:00,Emergency
362,17,2026-09-21,22:00:00,06:00:00,Surgical
363,17,2026-09-19,22:00:00,06:00:00,ICU
364,17,2026-09-18,22:00:00,06:00:00,General
365,17,2026-09-17,22:00:00,06:00:00,Maternity
366,17,2026-09-14,22:00:00,06:00:00,Maternity
367,17,2026-09-13,22:00:00,06:00:00,Pediatric
368,17,2026-09-11,22:00:00,06:00:00,General
369,17,2026-09-10,22:00:00,06:00:00,Maternity
370,17,2026-09-09,22:00:00,06:00:00,General
371,17,2026-09-08,22:00:00,06:00:00,Maternity
372,17,2026-09-06,22:00:00,06:00:00,Maternity
373,17,2026-09-05,22:00:00,06:00:00,ICU
374,17,2026-09-03,22:00:00,06:00:00,ICU
375,17,2026-09-02,22:00:00,06:00:00,Maternity
376,17,2026-09-01,22:00:00,06:00:00,Surgical
377,17,2026-08-31,22:00:00,06:00:00,ICU
378,17,2026-08-28,22:00:00,06:00:00,Surgical
379,17,2026-08-27,22:00:00,06:00:00,Emergency
380,17,2026-08-26,22:00:00,06:00:00,Pediatric
381,18,2026-09-24,14:00:00,22:00:00,ICU
382,18,2026-09-21,14:00:00,22:00:00,Surgical
383,18,2026-09-20,14:00:00,22:00:00,Emergency
384,18,2026-09-19,14:00:00,22:00:00,Emergency
385,18,2026-09-18,14:00:00,22:00:00,ICU
386,18,2026-09-16,14:00:00,22:00:00,Pediatric
387,18,2026-09-15,14:00:00,22:00:00,Emergency
388,18,2026-09-13,14:00:00,22:00:00,Surgical
389,18,2026-09-12,14:00:00,22:00:00,ICU
390,18,2026-09-11,14:00:00,22:00:00,General
391,18,2026-09-10,14:00:00,22:00:00,Emergency
392,18,2026-09-09,14:00:00,22:00:00,Maternity
393,18,2026-09-08,14:00:00,22:00:00,Surgical
394,18,2026-09-07,14:00:00,22:00:00,ICU
395,18,2026-09-05,14:00:00,22:00:00,Maternity
396,18,2026-09-03,14:00:00,22:00:00,Pediatric
397,18,2026-09-02,14:00:00,22:00:00,Maternity
398,18,2026-09-01,14:00:00,22:00:00,Emergency
399,18,2026-08-30,14:00:00,22:00:00,Maternity
400,18,2026-08-29,14:00:00,22:00:00,Surgical
401,18,2026-08-27,14:00:00,22:00:00,Maternity
402,18,2026-08-26,14:00:00,22:00:00,Emergency
403,19,2026-09-24,06:00:00,14:00:00,Maternity
404,19,2026-09-22,06:00:00,14:00:00,Surgical
405,19,2026-09-19,06:00:00,14:00:00,General
406,19,2026-09-18,06:00:00,14:00:00,General
407,19,2026-09-17,06:00:00,14:00:00,Emergency
408,19,2026-09-16,06:00:00,14:00:00,Pediatric
409,19,2026-09-15,06:00:00,14:00:00,Maternity
410,19,2026-09-14,06:00:00,14:00:00,Surgical
411,19,2026-09-11,06:00:00,14:00:00,Pediatric
412,19,2026-09-09,06:00:00,14:00:00,General
413,19,2026-09-08,06:00:00,14:00:00,Surgical
414,19,2026-09-07,06:00:00,14:00:00,Emergency
415,19,2026-09-06,06:00:00,14:00:00,Emergency
416,19,2026-09-05,06:00:00,14:00:00,Pediatric
417,19,2026-09-04,06:00:00,14:00:00,Surgical
418,19,2026-09-03,06:00:00,14:00:00,General
419,19,2026-09-02,06:00:00,14:00:00,Emergency
420,19,2026-09-01,06:00:00,14:00:00,Pediatric
421,19,2026-08-30,06:00:00,14:00:00,Emergency
422,19,2026-08-29,06:00:00,14:00:00,General
423,19,2026-08-28,06:00:00,14:00:00,Emergency
424,19,2026-08-27,06:00:00,14:00:00,Emergency
425,19,2026-08-26,06:00:00,14:00:00,Pediatric
426,20,2026-09-24,14:00:00,22:00:00,Surgical
427,20,2026-09-23,14:00:00,22:00:00,Emergency
428,20,2026-09-22,14:00:00,22:00:00,Emergency
429,20,2026-09-21,14:00:00,22:00:00,Surgical
430,20,2026-09-20,14:00:00,22:00:00,Maternity
431,20,2026-09-18,14:00:00,22:00:00,ICU
432,20,2026-09-17,14:00:00,22:00:00,ICU
433,20,2026-09-16,14:00:00,22:00:00,General
434,20,2026-09-15,14:00:00,22:00:00,General
435,20,2026-09-13,14:00:00,22:00:00,General
436,20,2026-09-11,14:00:00,22:00:00,Pediatric
437,20,2026-09-10,14:00:00,22:00:00,Surgical
438,20,2026-09-09,14:00:00,22:00:00,Maternity
439,20,2026-09-08,14:00:00,22:00:00,Emergency
440,20,2026-09-07,14:00:00,22:00:00,General
441,20,2026-09-06,14:00:00,22:00:00,Surgical
442,20,2026-09-05,14:00:00,22:00:00,Surgical
443,20,2026-09-02,14:00:00,22:00:00,Emergency
444,20,2026-09-01,14:00:00,22:00:00,Maternity
445,20,2026-08-31,14:00:00,22:00:00,Emergency
446,20,2026-08-30,14:00:00,22:00:00,Surgical
447,20,2026-08-29,14:00:00,22:00:00,Emergency
448,20,2026-08-28,14:00:00,22:00:00,Surgical
449,21,2026-09-24,06:00:00,14:00:00,General
450,21,2026-09-22,06:00:00,14:00:00,Emergency
451,21,2026-09-21,06:00:00,14:00:00,Surgical
452,21,2026-09-20,06:00:00,14:00:00,Surgical
453,21,2026-09-19,06:00:00,14:00:00,Emergency
454,21,2026-09-17,06:00:00,14:00:00,General
455,21,2026-09-15,06:00:00,14:00:00,General
456,21,2026-09-14,06:00:00,14:00:00,ICU
457,21,2026-09-13,06:00:00,14:00:00,Maternity
458,21,2026-09-12,06:00:00,14:00:00,Pediatric
459,21,2026-09-11,06:00:00,14:00:00,Surgical
460,21,2026-09-09,06:00:00,14:00:00,Maternity
461,21,2026-09-08,06:00:00,14:00:00,General
462,21,2026-09-07,06:00:00,14:00:00,Pediatric
463,21,2026-09-06,06:00:00,14:00:00,Emergency
464,21,2026-09-05,06:00:00,14:00:00,Emergency
465,21,2026-09-04,06:00:00,14:00:00,Surgical
466,21,2026-09-03,06:00:00,14:00:00,ICU
467,21,2026-09-01,06:00:00,14:00:00,General
468,21,2026-08-30,06:00:00,14:00:00,Surgical
469,21,2026-08-29,06:00:00,14:00:00,Surgical
470,21,2026-08-28,06:00:00,14:00:00,ICU
471,21,2026-08-27,06:00:00,14:00:00,General
472,21,2026-08-26,06:00:00,14:00:00,Pediatric
473,22,2026-09-24,22:00:00,06:00:00,General
474,22,2026-09-22,22:00:00,06:00:00,Maternity
475,22,2026-09-18,22:00:00,06:00:00,Emergency
476,22,2026-09-17,22:00:00,06:00:00,General
477,22,2026-09-15,22:00:00,06:00:00,Surgical
478,22,2026-09-14,22:00:00,06:00:00,ICU
479,22,2026-09-13,22:00:00,06:00:00,Pediatric
480,22,2026-09-12,22:00:00,06:00:00,ICU
481,22,2026-09-11,22:00:00,06:00:00,Surgical
482,22,2026-09-10,22:00:00,06:00:00,ICU
483,22,2026-09-07,22:00:00,06:00:00,Surgical
484,22,2026-09-06,22:00:00,06:00:00,ICU
485,22,2026-09-05,22:00:00,06:00:00,Emergency
486,22,2026-09-04,22:00:00,06:00:00,Surgical
487,22,2026-09-03,22:00:00,06:00:00,ICU
488,22,2026-09-02,22:00:00,06:00:00,Surgical
489,22,2026-09-01,22:00:00,06:00:00,Emergency
490,22,2026-08-31,22:00:00,06:00:00,Emergency
491,22,2026-08-30,22:00:00,06:00:00,General
492,22,2026-08-28,22:00:00,06:00:00,ICU
493,22,2026-08-27,22:00:00,06:00:00,Emergency
494,23,2026-09-24,22:00:00,06:00:00,Maternity
495,23,2026-09-23,22:00:00,06:00:00,ICU
496,23,2026-09-22,22:00:00,06:00:00,General
497,23,2026-09-21,22:00:00,06:00:00,Emergency
498,23,2026-09-20,22:00:00,06:00:00,ICU
499,23,2026-09-19,22:00:00,06:00:00,General
500,23,2026-09-17,22:00:00,06:00:00,Surgical
501,23,2026-09-14,22:00:00,06:00:00,Maternity
502,23,2026-09-13,22:00:00,06:00:00,Maternity
503,23,2026-09-12,22:00:00,06:00:00,Maternity
504,23,2026-09-11,22:00:00,06:00:00,Surgical
505,23,2026-09-10,22:00:00,06:00:00,Emergency
506,23,2026-09-09,22:00:00,06:00:00,Emergency
507,23,2026-09-08,22:00:00,06:00:00,Emergency
508,23,2026-09-06,22:00:00,06:00:00,Surgical
509,23,2026-09-05,22:00:00,06:00:00,Emergency
510,23,2026-09-04,22:00:00,06:00:00,ICU
511,23,2026-09-03,22:00:00,06:00:00,Maternity
512,23,2026-09-02,22:00:00,06:00:00,Emergency
513,23,2026-09-01,22:00:00,06:00:00,General
514,23,2026-08-31,22:00:00,06:00:00,General
515,23,2026-08-30,22:00:00,06:00:00,Surgical
516,23,2026-08-29,22:00:00,06:00:00,Emergency
517,23,2026-08-28,22:00:00,06:00:00,Emergency
518,24,2026-09-23,06:00:00,14:00:00,ICU
519,24,2026-09-22,06:00:00,14:00:00,Surgical
520,24,2026-09-21,06:00:00,14:00:00,ICU
521,24,2026-09-20,06:00:00,14:00:00,Surgical
522,24,2026-09-19,06:00:00,14:00:00,Surgical
523,24,2026-09-17,06:00:00,14:00:00,Emergency
524,24,2026-09-16,06:00:00,14:00:00,Emergency
525,24,2026-09-15,06:00:00,14:00:00,Maternity
526,24,2026-09-12,06:00:00,14:00:00,General
527,24,2026-09-11,06:00:00,14:00:00,Pediatric
528,24,2026-09-10,06:00:00,14:00:00,General
529,24,2026-09-09,06:00:00,14:00:00,Surgical
530,24,2026-09-04,06:00:00,14:00:00,Surgical
531,24,2026-09-03,06:00:00,14:00:00,Emergency
532,24,2026-09-02,06:00:00,14:00:00,ICU
533,24,2026-09-01,06:00:00,14:00:00,Surgical
534,24,2026-08-31,06:00:00,14:00:00,Pediatric
535,24,2026-08-30,06:00:00,14:00:00,Emergency
536,24,2026-08-29,06:00:00,14:00:00,ICU
537,24,2026-08-28,06:00:00,14:00:00,ICU
538,24,2026-08-26,06:00:00,14:00:00,Maternity
539,25,2026-09-24,22:00:00,06:00:00,Emergency
540,25,2026-09-23,22:00:00,06:00:00,Surgical
541,25,2026-09-22,22:00:00,06:00:00,Surgical
542,25,2026-09-21,22:00:00,06:00:00,Pediatric
543,25,2026-09-19,22:00:00,06:00:00,Pediatric
544,25,2026-09-18,22:00:00,06:00:00,General
545,25,2026-09-17,22:00:00,06:00:00,Emergency
546,25,2026-09-16,22:00:00,06:00:00,Pediatric
547,25,2026-09-15,22:00:00,06:00:00,Emergency
548,25,2026-09-14,22:00:00,06:00:00,Maternity
549,25,2026-09-13,22:00:00,06:00:00,Pediatric
550,25,2026-09-11,22:00:00,06:00:00,ICU
551,25,2026-09-10,22:00:00,06:00:00,Surgical
552,25,2026-09-09,22:00:00,06:00:00,Pediatric
553,25,2026-09-07,22:00:00,06:00:00,Surgical
554,25,2026-09-06,22:00:00,06:00:00,Emergency
555,25,2026-09-04,22:00:00,06:00:00,ICU
556,25,2026-09-01,22:00:00,06:00:00,Surgical
557,25,2026-08-31,22:00:00,06:00:00,Surgical
558,25,2026-08-30,22:00:00,06:00:00,ICU
559,25,2026-08-29,22:00:00,06:00:00,Surgical
560,25,2026-08-27,22:00:00,06:00:00,Emergency
561,26,2026-09-24,14:00:00,22:00:00,General
562,26,2026-09-22,14:00:00,22:00:00,Pediatric
563,26,2026-09-21,14:00:00,22:00:00,Surgical
564,26,2026-09-20,14:00:00,22:00:00,Maternity
565,26,2026-09-19,14:00:00,22:00:00,ICU
566,26,2026-09-18,14:00:00,22:00:00,Surgical
567,26,2026-09-17,14:00:00,22:00:00,Surgical
568,26,2026-09-16,14:00:00,22:00:00,General
569,26,2026-09-15,14:00:00,22:00:00,Surgical
570,26,2026-09-14,14:00:00,22:00:00,General
571,26,2026-09-13,14:00:00,22:00:00,Maternity
572,26,2026-09-11,14:00:00,22:00:00,Maternity
573,26,2026-09-10,14:00:00,22:00:00,Pediatric
574,26,2026-09-09,14:00:00,22:00:00,ICU
575,26,2026-09-08,14:00:00,22:00:00,Surgical
576,26,2026-09-06,14:00:00,22:00:00,Maternity
577,26,2026-09-03,14:00:00,22:00:00,Emergency
578,26,2026-09-02,14:00:00,22:00:00,Emergency
579,26,2026-08-31,14:00:00,22:00:00,Pediatric
580,26,2026-08-29,14:00:00,22:00:00,Surgical
581,26,2026-08-28,14:00:00,22:00:00,Maternity
582,26,2026-08-27,14:00:00,22:00:00,Pediatric
583,26,2026-08-26,14:00:00,22:00:00,ICU
584,27,2026-09-24,22:00:00,06:00:00,Maternity
585,27,2026-09-22,22:00:00,06:00:00,Maternity
586,27,2026-09-21,22:00:00,06:00:00,Pediatric
587,27,2026-09-20,22:00:00,06:00:00,Maternity
588,27,2026-09-18,22:00:00,06:00:00,General
589,27,2026-09-17,22:00:00,06:00:00,General
590,27,2026-09-16,22:00:00,06:00:00,Emergency
591,27,2026-09-15,22:00:00,06:00:00,General
592,27,2026-09-14,22:00:00,06:00:00,Pediatric
593,27,2026-09-13,22:00:00,06:00:00,ICU
594,27,2026-09-12,22:00:00,06:00:00,Maternity
595,27,2026-09-10,22:00:00,06:00:00,Maternity
596,27,2026-09-09,22:00:00,06:00:00,Maternity
597,27,2026-09-08,22:00:00,06:00:00,General
598,27,2026-09-07,22:00:00,06:00:00,Maternity
599,27,2026-09-06,22:00:00,06:00:00,ICU
600,27,2026-09-05,22:00:00,06:00:00,Surgical
601,27,2026-09-04,22:00:00,06:00:00,Emergency
602,27,2026-09-03,22:00:00,06:00:00,Surgical
603,27,2026-09-02,22:00:00,06:00:00,General
604,27,2026-09-01,22:00:00,06:00:00,General
605,27,2026-08-31,22:00:00,06:00:00,Maternity
606,27,2026-08-30,22:00:00,06:00:00,Surgical
607,27,2026-08-29,22:00:00,06:00:00,Emergency
608,27,2026-08-28,22:00:00,06:00:00,Pediatric
609,27,2026-08-26,22:00:00,06:00:00,Surgical
610,28,2026-09-22,06:00:00,14:00:00,Maternity
611,28,2026-09-21,06:00:00,14:00:00,Surgical
612,28,2026-09-19,06:00:00,14:00:00,Emergency
613,28,2026-09-18,06:00:00,14:00:00,General
614,28,2026-09-17,06:00:00,14:00:00,Pediatric
615,28,2026-09-15,06:00:00,14:00:00,ICU
616,28,2026-09-14,06:00:00,14:00:00,Maternity
617,28,2026-09-13,06:00:00,14:00:00,ICU
618,28,2026-09-12,06:00:00,14:00:00,Surgical
619,28,2026-09-11,06:00:00,14:00:00,General
620,28,2026-09-10,06:00:00,14:00:00,General
621,28,2026-09-09,06:00:00,14:00:00,Surgical
622,28,2026-09-08,06:00:00,14:00:00,Surgical
623,28,2026-09-07,06:00:00,14:00:00,ICU
624,28,2026-09-06,06:00:00,14:00:00,Emergency
625,28,2026-09-05,06:00:00,14:00:00,Surgical
626,28,2026-09-04,06:00:00,14:00:00,ICU
627,28,2026-09-01,06:00:00,14:00:00,Surgical
628,28,2026-08-31,06:00:00,14:00:00,ICU
629,28,2026-08-30,06:00:00,14:00:00,Maternity
630,28,2026-08-29,06:00:00,14:00:00,Maternity
631,28,2026-08-27,06:00:00,14:00:00,Surgical
632,29,2026-09-22,06:00:00,14:00:00,Maternity
633,29,2026-09-21,06:00:00,14:00:00,Maternity
634,29,2026-09-18,06:00:00,14:00:00,Surgical
635,29,2026-09-16,06:00:00,14:00:00,General
636,29,2026-09-15,06:00:00,14:00:00,Emergency
637,29,2026-09-13,06:00:00,14:00:00,ICU
638,29,2026-09-12,06:00:00,14:00:00,Maternity
639,29,2026-09-11,06:00:00,14:00:00,Emergency
640,29,2026-09-09,06:00:00,14:00:00,ICU
641,29,2026-09-08,06:00:00,14:00:00,Emergency
642,29,2026-09-07,06:00:00,14:00:00,Pediatric
643,29,2026-09-05,06:00:00,14:00:00,Pediatric
644,29,2026-09-04,06:00:00,14:00:00,Emergency
645,29,2026-09-03,06:00:00,14:00:00,General
646,29,2026-09-02,06:00:00,14:00:00,Surgical
647,29,2026-09-01,06:00:00,14:00:00,Pediatric
648,29,2026-08-31,06:00:00,14:00:00,Maternity
649,29,2026-08-30,06:00:00,14:00:00,Pediatric
650,29,2026-08-29,06:00:00,14:00:00,Emergency
651,29,2026-08-28,06:00:00,14:00:00,General
652,29,2026-08-26,06:00:00,14:00:00,Emergency
653,30,2026-09-24,22:00:00,06:00:00,Emergency
654,30,2026-09-22,22:00:00,06:00:00,Surgical
655,30,2026-09-21,22:00:00,06:00:00,Pediatric
656,30,2026-09-19,22:00:00,06:00:00,Emergency
657,30,2026-09-18,22:00:00,06:00:00,General
658,30,2026-09-17,22:00:00,06:00:00,Emergency
659,30,2026-09-16,22:00:00,06:00:00,ICU
660,30,2026-09-14,22:00:00,06:00:00,Surgical
661,30,2026-09-13,22:00:00,06:00:00,ICU
662,30,2026-09-12,22:00:00,06:00:00,Pediatric
663,30,2026-09-11,22:00:00,06:00:00,ICU
664,30,2026-09-10,22:00:00,06:00:00,Maternity
665,30,2026-09-09,22:00:00,06:00:00,Surgical
666,30,2026-09-08,22:00:00,06:00:00,Surgical
667,30,2026-09-07,22:00:00,06:00:00,General
668,30,2026-09-06,22:00:00,06:00:00,Maternity
669,30,2026-09-05,22:00:00,06:00:00,Emergency
670,30,2026-09-03,22:00:00,06:00:00,General
671,30,2026-09-02,22:00:00,06:00:00,Surgical
672,30,2026-09-01,22:00:00,06:00:00,Emergency
673,30,2026-08-31,22:00:00,06:00:00,General
674,30,2026-08-30,22:00:00,06:00:00,Pediatric
675,30,2026-08-29,22:00:00,06:00:00,ICU
676,30,2026-08-27,22:00:00,06:00:00,Pediatric
677,31,2026-09-24,06:00:00,14:00:00,Maternity
678,31,2026-09-23,06:00:00,14:00:00,General
679,31,2026-09-22,06:00:00,14:00:00,Emergency
680,31,2026-09-21,06:00:00,14:00:00,ICU
681,31,2026-09-20,06:00:00,14:00:00,Emergency
682,31,2026-09-17,06:00:00,14:00:00,Pediatric
683,31,2026-09-16,06:00:00,14:00:00,General
684,31,2026-09-15,06:00:00,14:00:00,Maternity
685,31,2026-09-14,06:00:00,14:00:00,Pediatric
686,31,2026-09-13,06:00:00,14:00:00,Surgical
687,31,2026-09-12,06:00:00,14:00:00,ICU
688,31,2026-09-11,06:00:00,14:00:00,Pediatric
689,31,2026-09-05,06:00:00,14:00:00,Emergency
690,31,2026-09-04,06:00:00,14:00:00,Maternity
691,31,2026-09-03,06:00:00,14:00:00,General
692,31,2026-08-31,06:00:00,14:00:00,Maternity
693,31,2026-08-28,06:00:00,14:00:00,Pediatric
694,31,2026-08-27,06:00:00,14:00:00,Emergency
695,32,2026-09-24,14:00:00,22:00:00,Emergency
696,32,2026-09-23,14:00:00,22:00:00,Pediatric
697,32,2026-09-22,14:00:00,22:00:00,Pediatric
698,32,2026-09-21,14:00:00,22:00:00,ICU
699,32,2026-09-20,14:00:00,22:00:00,Pediatric
700,32,2026-09-19,14:00:00,22:00:00,ICU
701,32,2026-09-18,14:00:00,22:00:00,Emergency
702,32,2026-09-16,14:00:00,22:00:00,General
703,32,2026-09-15,14:00:00,22:00:00,Pediatric
704,32,2026-09-14,14:00:00,22:00:00,Surgical
705,32,2026-09-13,14:00:00,22:00:00,Emergency
706,32,2026-09-12,14:00:00,22:00:00,General
707,32,2026-09-11,14:00:00,22:00:00,General
708,32,2026-09-10,14:00:00,22:00:00,General
709,32,2026-09-08,14:00:00,22:00:00,General
710,32,2026-09-05,14:00:00,22:00:00,ICU
711,32,2026-09-04,14:00:00,22:00:00,ICU
712,32,2026-09-03,14:00:00,22:00:00,Emergency
713,32,2026-09-02,14:00:00,22:00:00,ICU
714,32,2026-08-31,14:00:00,22:00:00,ICU
715,32,2026-08-29,14:00:00,22:00:00,Pediatric
716,32,2026-08-28,14:00:00,22:00:00,Surgical
717,32,2026-08-26,14:00:00,22:00:00,Surgical
718,33,2026-09-24,06:00:00,14:00:00,General
719,33,2026-09-22,06:00:00,14:00:00,Surgical
720,33,2026-09-20,06:00:00,14:00:00,Surgical
721,33,2026-09-19,06:00:00,14:00:00,Pediatric
722,33,2026-09-18,06:00:00,14:00:00,Emergency
723,33,2026-09-16,06:00:00,14:00:00,ICU
724,33,2026-09-15,06:00:00,14:00:00,Maternity
725,33,2026-09-14,06:00:00,14:00:00,ICU
726,33,2026-09-13,06:00:00,14:00:00,General
727,33,2026-09-12,06:00:00,14:00:00,ICU
728,33,2026-09-11,06:00:00,14:00:00,Surgical
729,33,2026-09-09,06:00:00,14:00:00,Pediatric
730,33,2026-09-08,06:00:00,14:00:00,Maternity
731,33,2026-09-06,06:00:00,14:00:00,General
732,33,2026-09-05,06:00:00,14:00:00,General
733,33,2026-09-04,06:00:00,14:00:00,Pediatric
734,33,2026-09-03,06:00:00,14:00:00,Maternity
735,33,2026-09-02,06:00:00,14:00:00,General
736,33,2026-09-01,06:00:00,14:00:00,Surgical
737,33,2026-08-31,06:00:00,14:00:00,ICU
738,33,2026-08-30,06:00:00,14:00:00,General
739,33,2026-08-29,06:00:00,14:00:00,Maternity
740,33,2026-08-28,06:00:00,14:00:00,Emergency
741,33,2026-08-27,06:00:00,14:00:00,ICU
742,33,2026-08-26,06:00:00,14:00:00,Maternity
743,34,2026-09-24,22:00:00,06:00:00,Emergency
744,34,2026-09-23,22:00:00,06:00:00,Emergency
745,34,2026-09-22,22:00:00,06:00:00,Maternity
746,34,2026-09-21,22:00:00,06:00:00,Surgical
747,34,2026-09-19,22:00:00,06:00:00,ICU
748,34,2026-09-18,22:00:00,06:00:00,ICU
749,34,2026-09-17,22:00:00,06:00:00,Pediatric
750,34,2026-09-16,22:00:00,06:00:00,Emergency
751,34,2026-09-15,22:00:00,06:00:00,Emergency
752,34,2026-09-14,22:00:00,06:00:00,Pediatric
753,34,2026-09-13,22:00:00,06:00:00,Surgical
754,34,2026-09-11,22:00:00,06:00:00,ICU
755,34,2026-09-10,22:00:00,06:00:00,Pediatric
756,34,2026-09-07,22:00:00,06:00:00,Surgical
757,34,2026-09-06,22:00:00,06:00:00,Surgical
758,34,2026-09-05,22:00:00,06:00:00,Pediatric
759,34,2026-09-04,22:00:00,06:00:00,Emergency
760,34,2026-09-03,22:00:00,06:00:00,Emergency
761,34,2026-09-02,22:00:00,06:00:00,ICU
762,34,2026-09-01,22:00:00,06:00:00,Pediatric
763,34,2026-08-31,22:00:00,06:00:00,General
764,34,2026-08-29,22:00:00,06:00:00,Pediatric
765,34,2026-08-28,22:00:00,06:00:00,Surgical
766,34,2026-08-27,22:00:00,06:00:00,ICU
767,34,2026-08-26,22:00:00,06:00:00,Pediatric
768,35,2026-09-24,22:00:00,06:00:00,Pediatric
769,35,2026-09-23,22:00:00,06:00:00,Emergency
770,35,2026-09-22,22:00:00,06:00:00,Emergency
771,35,2026-09-21,22:00:00,06:00:00,Maternity
772,35,2026-09-18,22:00:00,06:00:00,Surgical
773,35,2026-09-16,22:00:00,06:00:00,General
774,35,2026-09-14,22:00:00,06:00:00,General
775,35,2026-09-13,22:00:00,06:00:00,Emergency
776,35,2026-09-12,22:00:00,06:00:00,ICU
777,35,2026-09-11,22:00:00,06:00:00,Maternity
778,35,2026-09-10,22:00:00,06:00:00,ICU
779,35,2026-09-08,22:00:00,06:00:00,ICU
780,35,2026-09-07,22:00:00,06:00:00,Maternity
781,35,2026-09-06,22:00:00,06:00:00,ICU
782,35,2026-09-05,22:00:00,06:00:00,Surgical
783,35,2026-09-04,22:00:00,06:00:00,Emergency
784,35,2026-09-02,22:00:00,06:00:00,General
785,35,2026-09-01,22:00:00,06:00:00,Pediatric
786,35,2026-08-31,22:00:00,06:00:00,General
787,35,2026-08-30,22:00:00,06:00:00,General
788,35,2026-08-29,22:00:00,06:00:00,Emergency
789,35,2026-08-28,22:00:00,06:00:00,Pediatric
790,35,2026-08-26,22:00:00,06:00:00,Surgical
791,36,2026-09-23,14:00:00,22:00:00,General
792,36,2026-09-21,14:00:00,22:00:00,General
793,36,2026-09-20,14:00:00,22:00:00,Maternity
794,36,2026-09-19,14:00:00,22:00:00,Emergency
795,36,2026-09-17,14:00:00,22:00:00,Emergency
796,36,2026-09-16,14:00:00,22:00:00,Pediatric
797,36,2026-09-14,14:00:00,22:00:00,General
798,36,2026-09-12,14:00:00,22:00:00,Pediatric
799,36,2026-09-11,14:00:00,22:00:00,General
800,36,2026-09-10,14:00:00,22:00:00,ICU
801,36,2026-09-09,14:00:00,22:00:00,General
802,36,2026-09-08,14:00:00,22:00:00,Maternity
803,36,2026-09-07,14:00:00,22:00:00,Emergency
804,36,2026-09-04,14:00:00,22:00:00,ICU
805,36,2026-09-01,14:00:00,22:00:00,ICU
806,36,2026-08-31,14:00:00,22:00:00,General
807,36,2026-08-30,14:00:00,22:00:00,Surgical
808,36,2026-08-29,14:00:00,22:00:00,General
809,36,2026-08-28,14:00:00,22:00:00,Emergency
810,36,2026-08-27,14:00:00,22:00:00,Maternity
811,36,2026-08-26,14:00:00,22:00:00,ICU
812,37,2026-09-24,22:00:00,06:00:00,General
813,37,2026-09-23,22:00:00,06:00:00,Surgical
814,37,2026-09-21,22:00:00,06:00:00,Pediatric
815,37,2026-09-20,22:00:00,06:00:00,Surgical
816,37,2026-09-18,22:00:00,06:00:00,ICU
817,37,2026-09-17,22:00:00,06:00:00,Pediatric
818,37,2026-09-16,22:00:00,06:00:00,Maternity
819,37,2026-09-15,22:00:00,06:00:00,Pediatric
820,37,2026-09-14,22:00:00,06:00:00,Maternity
821,37,2026-09-13,22:00:00,06:00:00,ICU
822,37,2026-09-12,22:00:00,06:00:00,Surgical
823,37,2026-09-11,22:00:00,06:00:00,ICU
824,37,2026-09-10,22:00:00,06:00:00,General
825,37,2026-09-09,22:00:00,06:00:00,Emergency
826,37,2026-09-08,22:00:00,06:00:00,ICU
827,37,2026-09-07,22:00:00,06:00:00,Maternity
828,37,2026-09-06,22:00:00,06:00:00,Maternity
829,37,2026-09-05,22:00:00,06:00:00,Maternity
830,37,2026-09-03,22:00:00,06:00:00,ICU
831,37,2026-09-02,22:00:00,06:00:00,General
832,37,2026-09-01,22:00:00,06:00:00,Maternity
833,37,2026-08-31,22:00:00,06:00:00,Maternity
834,37,2026-08-30,22:00:00,06:00:00,Pediatric
835,37,2026-08-27,22:00:00,06:00:00,Emergency
836,37,2026-08-26,22:00:00,06:00:00,Maternity
837,38,2026-09-24,06:00:00,14:00:00,ICU
838,38,2026-09-23,06:00:00,14:00:00,Emergency
839,38,2026-09-21,06:00:00,14:00:00,General
840,38,2026-09-20,06:00:00,14:00:00,Emergency
841,38,2026-09-17,06:00:00,14:00:00,Emergency
842,38,2026-09-16,06:00:00,14:00:00,Surgical
843,38,2026-09-15,06:00:00,14:00:00,Pediatric
844,38,2026-09-14,06:00:00,14:00:00,Pediatric
845,38,2026-09-13,06:00:00,14:00:00,ICU
846,38,2026-09-11,06:00:00,14:00:00,ICU
847,38,2026-09-10,06:00:00,14:00:00,Maternity
848,38,2026-09-09,06:00:00,14:00:00,General
849,38,2026-09-07,06:00:00,14:00:00,Maternity
850,38,2026-09-05,06:00:00,14:00:00,ICU
851,38,2026-09-04,06:00:00,14:00:00,Emergency
852,38,2026-09-03,06:00:00,14:00:00,Surgical
853,38,2026-09-02,06:00:00,14:00:00,ICU
854,38,2026-09-01,06:00:00,14:00:00,Maternity
855,38,2026-08-31,06:00:00,14:00:00,Surgical
856,38,2026-08-30,06:00:00,14:00:00,Emergency
857,38,2026-08-29,06:00:00,14:00:00,Pediatric
858,38,2026-08-28,06:00:00,14:00:00,Emergency
859,38,2026-08-27,06:00:00,14:00:00,ICU
860,38,2026-08-26,06:00:00,14:00:00,General
861,39,2026-09-24,14:00:00,22:00:00,Surgical
862,39,2026-09-20,14:00:00,22:00:00,General
863,39,2026-09-19,14:00:00,22:00:00,Maternity
864,39,2026-09-18,14:00:00,22:00:00,General
865,39,2026-09-17,14:00:00,22:00:00,ICU
866,39,2026-09-16,14:00:00,22:00:00,Maternity
867,39,2026-09-15,14:00:00,22:00:00,Surgical
868,39,2026-09-14,14:00:00,22:00:00,General
869,39,2026-09-13,14:00:00,22:00:00,Surgical
870,39,2026-09-12,14:00:00,22:00:00,Emergency
871,39,2026-09-11,14:00:00,22:00:00,Surgical
872,39,2026-09-09,14:00:00,22:00:00,ICU
873,39,2026-09-08,14:00:00,22:00:00,Maternity
874,39,2026-09-07,14:00:00,22:00:00,Pediatric
875,39,2026-09-06,14:00:00,22:00:00,Maternity
876,39,2026-09-05,14:00:00,22:00:00,Emergency
877,39,2026-09-04,14:00:00,22:00:00,Emergency
878,39,2026-09-03,14:00:00,22:00:00,ICU
879,39,2026-09-02,14:00:00,22:00:00,Pediatric
880,39,2026-08-31,14:00:00,22:00:00,Emergency
881,39,2026-08-30,14:00:00,22:00:00,Surgical
882,39,2026-08-28,14:00:00,22:00:00,Emergency
883,39,2026-08-27,14:00:00,22:00:00,Surgical
884,39,2026-08-26,14:00:00,22:00:00,Pediatric
885,40,2026-09-24,06:00:00,14:00:00,Emergency
886,40,2026-09-23,06:00:00,14:00:00,ICU
887,40,2026-09-22,06:00:00,14:00:00,ICU
888,40,2026-09-21,06:00:00,14:00:00,General
889,40,2026-09-20,06:00:00,14:00:00,ICU
890,40,2026-09-19,06:00:00,14:00:00,Maternity
891,40,2026-09-18,06:00:00,14:00:00,ICU
892,40,2026-09-17,06:00:00,14:00:00,Maternity
893,40,2026-09-16,06:00:00,14:00:00,Surgical
894,40,2026-09-15,06:00:00,14:00:00,Surgical
895,40,2026-09-14,06:00:00,14:00:00,Pediatric
896,40,2026-09-13,06:00:00,14:00:00,Emergency
897,40,2026-09-12,06:00:00,14:00:00,General
898,40,2026-09-11,06:00:00,14:00:00,ICU
899,40,2026-09-10,06:00:00,14:00:00,Emergency
900,40,2026-09-09,06:00:00,14:00:00,Surgical
901,40,2026-09-08,06:00:00,14:00:00,Maternity
902,40,2026-09-05,06:00:00,14:00:00,Surgical
903,40,2026-09-04,06:00:00,14:00:00,ICU
904,40,2026-09-03,06:00:00,14:00:00,Pediatric
905,40,2026-09-02,06:00:00,14:00:00,General
906,40,2026-08-31,06:00:00,14:00:00,Emergency
907,40,2026-08-30,06:00:00,14:00:00,Maternity
908,40,2026-08-29,06:00:00,14:00:00,Surgical
909,40,2026-08-28,06:00:00,14:00:00,Surgical
910,40,2026-08-27,06:00:00,14:00:00,General
911,40,2026-08-26,06:00:00,14:00:00,Surgical
912,41,2026-09-24,06:00:00,14:00:00,ICU
913,41,2026-09-22,06:00:00,14:00:00,Emergency
914,41,2026-09-21,06:00:00,14:00:00,Emergency
915,41,2026-09-20,06:00:00,14:00:00,ICU
916,41,2026-09-19,06:00:00,14:00:00,General
917,41,2026-09-18,06:00:00,14:00:00,Surgical
918,41,2026-09-17,06:00:00,14:00:00,General
919,41,2026-09-16,06:00:00,14:00:00,Surgical
920,41,2026-09-15,06:00:00,14:00:00,Pediatric
921,41,2026-09-13,06:00:00,14:00:00,Pediatric
922,41,2026-09-11,06:00:00,14:00:00,Emergency
923,41,2026-09-10,06:00:00,14:00:00,Emergency
924,41,2026-09-09,06:00:00,14:00:00,General
925,41,2026-09-08,06:00:00,14:00:00,General
926,41,2026-09-07,06:00:00,14:00:00,Surgical
927,41,2026-09-05,06:00:00,14:00:00,Maternity
928,41,2026-09-04,06:00:00,14:00:00,Maternity
929,41,2026-09-03,06:00:00,14:00:00,ICU
930,41,2026-09-01,06:00:00,14:00:00,Surgical
931,41,2026-08-31,06:00:00,14:00:00,Pediatric
932,41,2026-08-30,06:00:00,14:00:00,General
933,41,2026-08-29,06:00:00,14:00:00,Pediatric
934,41,2026-08-28,06:00:00,14:00:00,Emergency
935,42,2026-09-24,14:00:00,22:00:00,Surgical
936,42,2026-09-22,14:00:00,22:00:00,ICU
937,42,2026-09-21,14:00:00,22:00:00,General
938,42,2026-09-20,14:00:00,22:00:00,Pediatric
939,42,2026-09-18,14:00:00,22:00:00,Pediatric
940,42,2026-09-16,14:00:00,22:00:00,Maternity
941,42,2026-09-15,14:00:00,22:00:00,General
942,42,2026-09-14,14:00:00,22:00:00,Emergency
943,42,2026-09-13,14:00:00,22:00:00,Maternity
944,42,2026-09-12,14:00:00,22:00:00,Emergency
945,42,2026-09-11,14:00:00,22:00:00,ICU
946,42,2026-09-10,14:00:00,22:00:00,Pediatric
947,42,2026-09-09,14:00:00,22:00:00,Surgical
948,42,2026-09-08,14:00:00,22:00:00,ICU
949,42,2026-09-06,14:00:00,22:00:00,Maternity
950,42,2026-09-05,14:00:00,22:00:00,ICU
951,42,2026-09-03,14:00:00,22:00:00,Emergency
952,42,2026-08-31,14:00:00,22:00:00,Emergency
953,42,2026-08-30,14:00:00,22:00:00,Pediatric
954,42,2026-08-29,14:00:00,22:00:00,Pediatric
955,42,2026-08-28,14:00:00,22:00:00,General
956,42,2026-08-27,14:00:00,22:00:00,Emergency
957,42,2026-08-26,14:00:00,22:00:00,ICU
958,43,2026-09-24,22:00:00,06:00:00,Maternity
959,43,2026-09-21,22:00:00,06:00:00,ICU
960,43,2026-09-20,22:00:00,06:00:00,Pediatric
961,43,2026-09-18,22:00:00,06:00:00,Pediatric
962,43,2026-09-17,22:00:00,06:00:00,Surgical
963,43,2026-09-16,22:00:00,06:00:00,Surgical
964,43,2026-09-15,22:00:00,06:00:00,ICU
965,43,2026-09-14,22:00:00,06:00:00,Maternity
966,43,2026-09-12,22:00:00,06:00:00,General
967,43,2026-09-11,22:00:00,06:00:00,General
968,43,2026-09-10,22:00:00,06:00:00,Emergency
969,43,2026-09-09,22:00:00,06:00:00,Surgical
970,43,2026-09-08,22:00:00,06:00:00,Emergency
971,43,2026-09-07,22:00:00,06:00:00,General
972,43,2026-09-06,22:00:00,06:00:00,Maternity
973,43,2026-09-05,22:00:00,06:00:00,Surgical
974,43,2026-09-04,22:00:00,06:00:00,Emergency
975,43,2026-09-03,22:00:00,06:00:00,Pediatric
976,43,2026-09-02,22:00:00,06:00:00,Pediatric
977,43,2026-09-01,22:00:00,06:00:00,Emergency
978,43,2026-08-31,22:00:00,06:00:00,Pediatric
979,43,2026-08-30,22:00:00,06:00:00,Pediatric
980,43,2026-08-29,22:00:00,06:00:00,Maternity
981,43,2026-08-28,22:00:00,06:00:00,Maternity
982,43,2026-08-27,22:00:00,06:00:00,General
983,43,2026-08-26,22:00:00,06:00:00,Pediatric
984,44,2026-09-24,06:00:00,14:00:00,Emergency
985,44,2026-09-22,06:00:00,14:00:00,ICU
986,44,2026-09-21,06:00:00,14:00:00,Surgical
987,44,2026-09-17,06:00:00,14:00:00,Emergency
988,44,2026-09-15,06:00:00,14:00:00,Maternity
989,44,2026-09-14,06:00:00,14:00:00,General
990,44,2026-09-13,06:00:00,14:00:00,General
991,44,2026-09-12,06:00:00,14:00:00,Surgical
992,44,2026-09-10,06:00:00,14:00:00,Surgical
993,44,2026-09-09,06:00:00,14:00:00,General
994,44,2026-09-08,06:00:00,14:00:00,Emergency
995,44,2026-09-07,06:00:00,14:00:00,Surgical
996,44,2026-09-05,06:00:00,14:00:00,Pediatric
997,44,2026-09-04,06:00:00,14:00:00,Pediatric
998,44,2026-09-03,06:00:00,14:00:00,Emergency
999,44,2026-09-02,06:00:00,14:00:00,ICU
1000,44,2026-09-01,06:00:00,14:00:00,ICU
1001,44,2026-08-31,06:00:00,14:00:00,Emergency
1002,44,2026-08-30,06:00:00,14:00:00,Emergency
1003,44,2026-08-29,06:00:00,14:00:00,ICU
1004,44,2026-08-28,06:00:00,14:00:00,Emergency
1005,44,2026-08-27,06:00:00,14:00:00,Maternity
1006,44,2026-08-26,06:00:00,14:00:00,Emergency
1007,45,2026-09-24,22:00:00,06:00:00,Pediatric
1008,45,2026-09-23,22:00:00,06:00:00,Surgical
1009,45,2026-09-22,22:00:00,06:00:00,General
1010,45,2026-09-21,22:00:00,06:00:00,Maternity
1011,45,2026-09-20,22:00:00,06:00:00,Emergency
1012,45,2026-09-19,22:00:00,06:00:00,General
1013,45,2026-09-17,22:00:00,06:00:00,Maternity
1014,45,2026-09-16,22:00:00,06:00:00,General
1015,45,2026-09-15,22:00:00,06:00:00,Emergency
1016,45,2026-09-14,22:00:00,06:00:00,Emergency
1017,45,2026-09-13,22:00:00,06:00:00,Surgical
1018,45,2026-09-12,22:00:00,06:00:00,ICU
1019,45,2026-09-11,22:00:00,06:00:00,Maternity
1020,45,2026-09-08,22:00:00,06:00:00,Surgical
1021,45,2026-09-06,22:00:00,06:00:00,Pediatric
1022,45,2026-09-04,22:00:00,06:00:00,ICU
1023,45,2026-09-03,22:00:00,06:00:00,Surgical
1024,45,2026-09-01,22:00:00,06:00:00,Emergency
1025,45,2026-08-31,22:00:00,06:00:00,Maternity
1026,45,2026-08-30,22:00:00,06:00:00,General
1027,45,2026-08-29,22:00:00,06:00:00,Pediatric
1028,45,2026-08-27,22:00:00,06:00:00,Surgical
1029,45,2026-08-26,22:00:00,06:00:00,Emergency
1030,46,2026-09-24,06:00:00,14:00:00,Surgical
1031,46,2026-09-23,06:00:00,14:00:00,General
1032,46,2026-09-21,06:00:00,14:00:00,Emergency
1033,46,2026-09-18,06:00:00,14:00:00,General
1034,46,2026-09-17,06:00:00,14:00:00,Surgical
1035,46,2026-09-15,06:00:00,14:00:00,Surgical
1036,46,2026-09-14,06:00:00,14:00:00,Emergency
1037,46,2026-09-13,06:00:00,14:00:00,Pediatric
1038,46,2026-09-11,06:00:00,14:00:00,ICU
1039,46,2026-09-08,06:00:00,14:00:00,Maternity
1040,46,2026-09-07,06:00:00,14:00:00,Emergency
1041,46,2026-09-03,06:00:00,14:00:00,General
1042,46,2026-09-02,06:00:00,14:00:00,General
1043,46,2026-09-01,06:00:00,14:00:00,Surgical
1044,46,2026-08-31,06:00:00,14:00:00,Surgical
1045,46,2026-08-30,06:00:00,14:00:00,General
1046,46,2026-08-29,06:00:00,14:00:00,General
1047,46,2026-08-28,06:00:00,14:00:00,Pediatric
1048,46,2026-08-27,06:00:00,14:00:00,Maternity
1049,46,2026-08-26,06:00:00,14:00:00,Surgical
1050,47,2026-09-24,14:00:00,22:00:00,Emergency
1051,47,2026-09-23,14:00:00,22:00:00,Maternity
1052,47,2026-09-22,14:00:00,22:00:00,General
1053,47,2026-09-21,14:00:00,22:00:00,General
1054,47,2026-09-20,14:00:00,22:00:00,ICU
1055,47,2026-09-17,14:00:00,22:00:00,Emergency
1056,47,2026-09-14,14:00:00,22:00:00,Maternity
1057,47,2026-09-12,14:00:00,22:00:00,Pediatric
1058,47,2026-09-09,14:00:00,22:00:00,ICU
1059,47,2026-09-08,14:00:00,22:00:00,Maternity
1060,47,2026-09-07,14:00:00,22:00:00,Maternity
1061,47,2026-09-06,14:00:00,22:00:00,Emergency
1062,47,2026-09-05,14:00:00,22:00:00,Surgical
1063,47,2026-09-04,14:00:00,22:00:00,Emergency
1064,47,2026-09-02,14:00:00,22:00:00,Maternity
1065,47,2026-09-01,14:00:00,22:00:00,ICU
1066,47,2026-08-30,14:00:00,22:00:00,Surgical
1067,47,2026-08-29,14:00:00,22:00:00,Emergency
1068,47,2026-08-28,14:00:00,22:00:00,Maternity
1069,47,2026-08-27,14:00:00,22:00:00,Emergency
1070,48,2026-09-24,06:00:00,14:00:00,Maternity
1071,48,2026-09-23,06:00:00,14:00:00,Pediatric
1072,48,2026-09-21,06:00:00,14:00:00,General
1073,48,2026-09-20,06:00:00,14:00:00,Surgical
1074,48,2026-09-18,06:00:00,14:00:00,General
1075,48,2026-09-17,06:00:00,14:00:00,Emergency
1076,48,2026-09-16,06:00:00,14:00:00,Emergency
1077,48,2026-09-15,06:00:00,14:00:00,General
1078,48,2026-09-12,06:00:00,14:00:00,General
1079,48,2026-09-11,06:00:00,14:00:00,Pediatric
1080,48,2026-09-10,06:00:00,14:00:00,General
1081,48,2026-09-09,06:00:00,14:00:00,Emergency
1082,48,2026-09-06,06:00:00,14:00:00,Pediatric
1083,48,2026-09-05,06:00:00,14:00:00,Emergency
1084,48,2026-09-03,06:00:00,14:00:00,ICU
1085,48,2026-09-02,06:00:00,14:00:00,Emergency
1086,48,2026-09-01,06:00:00,14:00:00,Pediatric
1087,48,2026-08-31,06:00:00,14:00:00,Emergency
1088,48,2026-08-30,06:00:00,14:00:00,Surgical
1089,48,2026-08-29,06:00:00,14:00:00,General
1090,48,2026-08-28,06:00:00,14:00:00,Maternity
1091,48,2026-08-27,06:00:00,14:00:00,General
1092,49,2026-09-24,14:00:00,22:00:00,Emergency
1093,49,2026-09-22,14:00:00,22:00:00,General
1094,49,2026-09-21,14:00:00,22:00:00,Emergency
1095,49,2026-09-20,14:00:00,22:00:00,Pediatric
1096,49,2026-09-19,14:00:00,22:00:00,Maternity
1097,49,2026-09-18,14:00:00,22:00:00,General
1098,49,2026-09-17,14:00:00,22:00:00,General
1099,49,2026-09-15,14:00:00,22:00:00,Pediatric
1100,49,2026-09-14,14:00:00,22:00:00,Maternity
1101,49,2026-09-12,14:00:00,22:00:00,ICU
1102,49,2026-09-11,14:00:00,22:00:00,Maternity
1103,49,2026-09-10,14:00:00,22:00:00,Surgical
1104,49,2026-09-09,14:00:00,22:00:00,Maternity
1105,49,2026-09-08,14:00:00,22:00:00,ICU
1106,49,2026-09-07,14:00:00,22:00:00,ICU
1107,49,2026-09-06,14:00:00,22:00:00,Surgical
1108,49,2026-09-05,14:00:00,22:00:00,Emergency
1109,49,2026-09-04,14:00:00,22:00:00,General
1110,49,2026-09-03,14:00:00,22:00:00,General
1111,49,2026-09-02,14:00:00,22:00:00,Pediatric
1112,49,2026-09-01,14:00:00,22:00:00,ICU
1113,49,2026-08-31,14:00:00,22:00:00,Surgical
1114,49,2026-08-30,14:00:00,22:00:00,ICU
1115,49,2026-08-29,14:00:00,22:00:00,Maternity
1116,49,2026-08-27,14:00:00,22:00:00,Pediatric
1117,49,2026-08-26,14:00:00,22:00:00,Emergency
1118,50,2026-09-24,22:00:00,06:00:00,Surgical
1119,50,2026-09-22,22:00:00,06:00:00,Maternity
1120,50,2026-09-21,22:00:00,06:00:00,Pediatric
1121,50,2026-09-19,22:00:00,06:00:00,Pediatric
1122,50,2026-09-18,22:00:00,06:00:00,Maternity
1123,50,2026-09-14,22:00:00,06:00:00,Maternity
1124,50,2026-09-13,22:00:00,06:00:00,Emergency
1125,50,2026-09-11,22:00:00,06:00:00,Maternity
1126,50,2026-09-10,22:00:00,06:00:00,Emergency
1127,50,2026-09-09,22:00:00,06:00:00,ICU
1128,50,2026-09-08,22:00:00,06:00:00,Emergency
1129,50,2026-09-06,22:00:00,06:00:00,ICU
1130,50,2026-09-05,22:00:00,06:00:00,Emergency
1131,50,2026-09-04,22:00:00,06:00:00,Emergency
1132,50,2026-09-03,22:00:00,06:00:00,Surgical
1133,50,2026-09-01,22:00:00,06:00:00,Surgical
1134,50,2026-08-30,22:00:00,06:00:00,General
1135,50,2026-08-29,22:00:00,06:00:00,Maternity
1136,50,2026-08-28,22:00:00,06:00:00,Emergency
1137,50,2026-08-27,22:00:00,06:00:00,General
1138,51,2026-09-24,22:00:00,06:00:00,Pediatric
1139,51,2026-09-22,22:00:00,06:00:00,ICU
1140,51,2026-09-21,22:00:00,06:00:00,ICU
1141,51,2026-09-20,22:00:00,06:00:00,General
1142,51,2026-09-17,22:00:00,06:00:00,Pediatric
1143,51,2026-09-16,22:00:00,06:00:00,Emergency
1144,51,2026-09-15,22:00:00,06:00:00,Emergency
1145,51,2026-09-14,22:00:00,06:00:00,Pediatric
1146,51,2026-09-13,22:00:00,06:00:00,ICU
1147,51,2026-09-12,22:00:00,06:00:00,Surgical
1148,51,2026-09-11,22:00:00,06:00:00,ICU
1149,51,2026-09-10,22:00:00,06:00:00,Pediatric
1150,51,2026-09-09,22:00:00,06:00:00,Emergency
1151,51,2026-09-08,22:00:00,06:00:00,ICU
1152,51,2026-09-06,22:00:00,06:00:00,Pediatric
1153,51,2026-09-04,22:00:00,06:00:00,Maternity
1154,51,2026-09-02,22:00:00,06:00:00,Maternity
1155,51,2026-09-01,22:00:00,06:00:00,Maternity
1156,51,2026-08-30,22:00:00,06:00:00,Pediatric
1157,51,2026-08-29,22:00:00,06:00:00,Maternity
1158,51,2026-08-27,22:00:00,06:00:00,Surgical
1159,51,2026-08-26,22:00:00,06:00:00,Emergency
1160,52,2026-09-24,14:00:00,22:00:00,Surgical
1161,52,2026-09-23,14:00:00,22:00:00,General
1162,52,2026-09-22,14:00:00,22:00:00,Pediatric
1163,52,2026-09-19,14:00:00,22:00:00,General
1164,52,2026-09-18,14:00:00,22:00:00,ICU
1165,52,2026-09-17,14:00:00,22:00:00,Maternity
1166,52,2026-09-16,14:00:00,22:00:00,General
1167,52,2026-09-15,14:00:00,22:00:00,Maternity
1168,52,2026-09-14,14:00:00,22:00:00,ICU
1169,52,2026-09-11,14:00:00,22:00:00,Pediatric
1170,52,2026-09-10,14:00:00,22:00:00,Pediatric
1171,52,2026-09-09,14:00:00,22:00:00,Maternity
1172,52,2026-09-07,14:00:00,22:00:00,Pediatric
1173,52,2026-09-06,14:00:00,22:00:00,Pediatric
1174,52,2026-09-05,14:00:00,22:00:00,Pediatric
1175,52,2026-09-01,14:00:00,22:00:00,ICU
1176,52,2026-08-29,14:00:00,22:00:00,Pediatric
1177,52,2026-08-27,14:00:00,22:00:00,Surgical
1178,52,2026-08-26,14:00:00,22:00:00,Pediatric
1179,53,2026-09-24,14:00:00,22:00:00,ICU
1180,53,2026-09-21,14:00:00,22:00:00,General
1181,53,2026-09-20,14:00:00,22:00:00,ICU
1182,53,2026-09-19,14:00:00,22:00:00,Emergency
1183,53,2026-09-17,14:00:00,22:00:00,Pediatric
1184,53,2026-09-15,14:00:00,22:00:00,Surgical
1185,53,2026-09-13,14:00:00,22:00:00,ICU
1186,53,2026-09-12,14:00:00,22:00:00,Emergency
1187,53,2026-09-11,14:00:00,22:00:00,ICU
1188,53,2026-09-10,14:00:00,22:00:00,Pediatric
1189,53,2026-09-09,14:00:00,22:00:00,General
1190,53,2026-09-08,14:00:00,22:00:00,General
1191,53,2026-09-07,14:00:00,22:00:00,Surgical
1192,53,2026-09-06,14:00:00,22:00:00,Maternity
1193,53,2026-09-05,14:00:00,22:00:00,Pediatric
1194,53,2026-09-04,14:00:00,22:00:00,Pediatric
1195,53,2026-09-03,14:00:00,22:00:00,Surgical
1196,53,2026-09-02,14:00:00,22:00:00,ICU
1197,53,2026-09-01,14:00:00,22:00:00,Pediatric
1198,53,2026-08-31,14:00:00,22:00:00,Pediatric
1199,53,2026-08-30,14:00:00,22:00:00,Emergency
1200,53,2026-08-28,14:00:00,22:00:00,General
1201,53,2026-08-27,14:00:00,22:00:00,Surgical
1202,54,2026-09-24,14:00:00,22:00:00,ICU
1203,54,2026-09-23,14:00:00,22:00:00,Maternity
1204,54,2026-09-21,14:00:00,22:00:00,Maternity
1205,54,2026-09-20,14:00:00,22:00:00,Maternity
1206,54,2026-09-19,14:00:00,22:00:00,Emergency
1207,54,2026-09-18,14:00:00,22:00:00,Surgical
1208,54,2026-09-17,14:00:00,22:00:00,Emergency
1209,54,2026-09-16,14:00:00,22:00:00,Surgical
1210,54,2026-09-15,14:00:00,22:00:00,Pediatric
1211,54,2026-09-13,14:00:00,22:00:00,Emergency
1212,54,2026-09-11,14:00:00,22:00:00,Maternity
1213,54,2026-09-10,14:00:00,22:00:00,ICU
1214,54,2026-09-07,14:00:00,22:00:00,Maternity
1215,54,2026-09-06,14:00:00,22:00:00,Emergency
1216,54,2026-09-05,14:00:00,22:00:00,Maternity
1217,54,2026-09-04,14:00:00,22:00:00,General
1218,54,2026-09-03,14:00:00,22:00:00,Surgical
1219,54,2026-09-02,14:00:00,22:00:00,Pediatric
1220,54,2026-09-01,14:00:00,22:00:00,Emergency
1221,54,2026-08-30,14:00:00,22:00:00,Pediatric
1222,54,2026-08-29,14:00:00,22:00:00,ICU
1223,54,2026-08-28,14:00:00,22:00:00,ICU
1224,54,2026-08-27,14:00:00,22:00:00,Maternity
1225,55,2026-09-24,22:00:00,06:00:00,Pediatric
1226,55,2026-09-23,22:00:00,06:00:00,General
1227,55,2026-09-22,22:00:00,06:00:00,Maternity
1228,55,2026-09-19,22:00:00,06:00:00,Emergency
1229,55,2026-09-18,22:00:00,06:00:00,Pediatric
1230,55,2026-09-17,22:00:00,06:00:00,Maternity
1231,55,2026-09-16,22:00:00,06:00:00,General
1232,55,2026-09-15,22:00:00,06:00:00,Surgical
1233,55,2026-09-14,22:00:00,06:00:00,Maternity
1234,55,2026-09-13,22:00:00,06:00:00,Pediatric
1235,55,2026-09-12,22:00:00,06:00:00,Emergency
1236,55,2026-09-11,22:00:00,06:00:00,Maternity
1237,55,2026-09-10,22:00:00,06:00:00,Pediatric
1238,55,2026-09-09,22:00:00,06:00:00,General
1239,55,2026-09-08,22:00:00,06:00:00,Emergency
1240,55,2026-09-07,22:00:00,06:00:00,Emergency
1241,55,2026-09-06,22:00:00,06:00:00,Maternity
1242,55,2026-09-05,22:00:00,06:00:00,Surgical
1243,55,2026-09-04,22:00:00,06:00:00,Surgical
1244,55,2026-09-03,22:00:00,06:00:00,Maternity
1245,55,2026-09-02,22:00:00,06:00:00,Maternity
1246,55,2026-09-01,22:00:00,06:00:00,ICU
1247,55,2026-08-31,22:00:00,06:00:00,Surgical
1248,55,2026-08-29,22:00:00,06:00:00,Maternity
1249,55,2026-08-28,22:00:00,06:00:00,ICU
1250,55,2026-08-27,22:00:00,06:00:00,General
1251,56,2026-09-23,14:00:00,22:00:00,ICU
1252,56,2026-09-21,14:00:00,22:00:00,Maternity
1253,56,2026-09-20,14:00:00,22:00:00,Maternity
1254,56,2026-09-19,14:00:00,22:00:00,Maternity
1255,56,2026-09-18,14:00:00,22:00:00,Emergency
1256,56,2026-09-16,14:00:00,22:00:00,Emergency
1257,56,2026-09-15,14:00:00,22:00:00,Maternity
1258,56,2026-09-14,14:00:00,22:00:00,Pediatric
1259,56,2026-09-12,14:00:00,22:00:00,Surgical
1260,56,2026-09-10,14:00:00,22:00:00,General
1261,56,2026-09-08,14:00:00,22:00:00,Surgical
1262,56,2026-09-06,14:00:00,22:00:00,Surgical
1263,56,2026-09-04,14:00:00,22:00:00,Pediatric
1264,56,2026-09-02,14:00:00,22:00:00,Emergency
1265,56,2026-09-01,14:00:00,22:00:00,Emergency
1266,56,2026-08-31,14:00:00,22:00:00,Maternity
1267,56,2026-08-30,14:00:00,22:00:00,Maternity
1268,56,2026-08-29,14:00:00,22:00:00,Emergency
1269,56,2026-08-28,14:00:00,22:00:00,General
1270,56,2026-08-27,14:00:00,22:00:00,Maternity
1271,57,2026-09-24,22:00:00,06:00:00,Maternity
1272,57,2026-09-23,22:00:00,06:00:00,Emergency
1273,57,2026-09-22,22:00:00,06:00:00,ICU
1274,57,2026-09-21,22:00:00,06:00:00,ICU
1275,57,2026-09-20,22:00:00,06:00:00,Maternity
1276,57,2026-09-19,22:00:00,06:00:00,General
1277,57,2026-09-18,22:00:00,06:00:00,Emergency
1278,57,2026-09-14,22:00:00,06:00:00,Maternity
1279,57,2026-09-13,22:00:00,06:00:00,Maternity
1280,57,2026-09-12,22:00:00,06:00:00,Surgical
1281,57,2026-09-10,22:00:00,06:00:00,General
1282,57,2026-09-09,22:00:00,06:00:00,Surgical
1283,57,2026-09-08,22:00:00,06:00:00,Maternity
1284,57,2026-09-06,22:00:00,06:00:00,Surgical
1285,57,2026-09-05,22:00:00,06:00:00,Surgical
1286,57,2026-09-04,22:00:00,06:00:00,ICU
1287,57,2026-09-02,22:00:00,06:00:00,Emergency
1288,57,2026-09-01,22:00:00,06:00:00,Surgical
1289,57,2026-08-31,22:00:00,06:00:00,Emergency
1290,57,2026-08-30,22:00:00,06:00:00,Emergency
1291,57,2026-08-29,22:00:00,06:00:00,Pediatric
1292,57,2026-08-28,22:00:00,06:00:00,ICU
1293,57,2026-08-27,22:00:00,06:00:00,Surgical
1294,57,2026-08-26,22:00:00,06:00:00,Maternity
1295,58,2026-09-24,22:00:00,06:00:00,Emergency
1296,58,2026-09-22,22:00:00,06:00:00,Emergency
1297,58,2026-09-21,22:00:00,06:00:00,Surgical
1298,58,2026-09-20,22:00:00,06:00:00,ICU
1299,58,2026-09-18,22:00:00,06:00:00,ICU
1300,58,2026-09-17,22:00:00,06:00:00,Surgical
1301,58,2026-09-15,22:00:00,06:00:00,Pediatric
1302,58,2026-09-14,22:00:00,06:00:00,Pediatric
1303,58,2026-09-13,22:00:00,06:00:00,ICU
1304,58,2026-09-12,22:00:00,06:00:00,Surgical
1305,58,2026-09-11,22:00:00,06:00:00,Emergency
1306,58,2026-09-09,22:00:00,06:00:00,Emergency
1307,58,2026-09-08,22:00:00,06:00:00,General
1308,58,2026-09-07,22:00:00,06:00:00,Emergency
1309,58,2026-09-04,22:00:00,06:00:00,Pediatric
1310,58,2026-09-03,22:00:00,06:00:00,General
1311,58,2026-09-02,22:00:00,06:00:00,Pediatric
1312,58,2026-09-01,22:00:00,06:00:00,Surgical
1313,58,2026-08-31,22:00:00,06:00:00,Pediatric
1314,58,2026-08-30,22:00:00,06:00:00,ICU
1315,58,2026-08-29,22:00:00,06:00:00,Surgical
1316,58,2026-08-28,22:00:00,06:00:00,Emergency
1317,58,2026-08-27,22:00:00,06:00:00,General
1318,58,2026-08-26,22:00:00,06:00:00,Emergency
1319,59,2026-09-24,06:00:00,14:00:00,General
1320,59,2026-09-21,06:00:00,14:00:00,ICU
1321,59,2026-09-19,06:00:00,14:00:00,General
1322,59,2026-09-16,06:00:00,14:00:00,Maternity
1323,59,2026-09-15,06:00:00,14:00:00,Maternity
1324,59,2026-09-14,06:00:00,14:00:00,General
1325,59,2026-09-13,06:00:00,14:00:00,Emergency
1326,59,2026-09-11,06:00:00,14:00:00,Pediatric
1327,59,2026-09-09,06:00:00,14:00:00,General
1328,59,2026-09-08,06:00:00,14:00:00,Maternity
1329,59,2026-09-07,06:00:00,14:00:00,Emergency
1330,59,2026-09-04,06:00:00,14:00:00,Emergency
1331,59,2026-09-03,06:00:00,14:00:00,Maternity
1332,59,2026-09-02,06:00:00,14:00:00,Surgical
1333,59,2026-08-31,06:00:00,14:00:00,Maternity
1334,59,2026-08-30,06:00:00,14:00:00,Pediatric
1335,59,2026-08-28,06:00:00,14:00:00,ICU
1336,59,2026-08-27,06:00:00,14:00:00,Surgical
1337,59,2026-08-26,06:00:00,14:00:00,Maternity
1338,60,2026-09-24,06:00:00,14:00:00,Emergency
1339,60,2026-09-22,06:00:00,14:00:00,Pediatric
1340,60,2026-09-20,06:00:00,14:00:00,Surgical
1341,60,2026-09-19,06:00:00,14:00:00,Emergency
1342,60,2026-09-18,06:00:00,14:00:00,Emergency
1343,60,2026-09-17,06:00:00,14:00:00,General
1344,60,2026-09-16,06:00:00,14:00:00,Emergency
1345,60,2026-09-15,06:00:00,14:00:00,General
1346,60,2026-09-14,06:00:00,14:00:00,ICU
1347,60,2026-09-13,06:00:00,14:00:00,ICU
1348,60,2026-09-12,06:00:00,14:00:00,ICU
1349,60,2026-09-11,06:00:00,14:00:00,Emergency
1350,60,2026-09-10,06:00:00,14:00:00,General
1351,60,2026-09-09,06:00:00,14:00:00,Pediatric
1352,60,2026-09-08,06:00:00,14:00:00,ICU
1353,60,2026-09-07,06:00:00,14:00:00,ICU
1354,60,2026-09-05,06:00:00,14:00:00,General
1355,60,2026-09-03,06:00:00,14:00:00,Emergency
1356,60,2026-09-01,06:00:00,14:00:00,Surgical
1357,60,2026-08-31,06:00:00,14:00:00,Emergency
1358,60,2026-08-29,06:00:00,14:00:00,General
1359,60,2026-08-27,06:00:00,14:00:00,Pediatric
1360,60,2026-08-26,06:00:00,14:00:00,Emergency
